"datetime,symbol,strategy,signal,score,pattern,trend,is_vol,is_extreme,status,code,response"
2025-06-09 07:45:05.750764,EUR_USD,VOLUME-EXPLOSION-LITE,{{alert_name}},0,NEUTRAL,DOWNTREND,False,False,IGNORED,0,점수 부쇄
2025-06-09 08:00:01.979559,EUR_USD,LONDON-FADE-IN-LITE,{{alert_name}},0,DOJI,DOWNTREND,False,False,IGNORED,0,점수 부쇄
2025-06-09 08:30:05.905323,USD_JPY,ST-RSI-SNAP-LITE,{{alert_name}},0,DOJI,UPTREND,False,False,IGNORED,0,점수 부쇄
2025-06-09 08:45:09.631158,USD_JPY,NY-BREAK-RUN-LITE,{{alert_name}},0,DOJI,UPTREND,False,False,IGNORED,0,점수 부쇄
2025-06-09 09:00:07.939926,USD_JPY,NY-BREAK-RUN-LITE,BUY,2,HAMMER,UPTREND,False,False,SENT,201,{"orderCreateTransaction":{"id":"563" "accountID":"101-001-30264285-002" "userID":30264285 "batchID":"563" "requestID":"61381021355964436" "time":"2025-06-09T13:00:07.858449872Z" "type":"LIMIT_ORDER" "instrument":"USD_JPY" "units":"50000" "price":"144.637" "timeInForce":"GTC" "triggerCondition":"DEFAULT" "partialFill":"DEFAULT" "positionFill":"DEFAULT" "takeProfitOnFill":{"price":"144.639" "timeInForce":"GTC"} "stopLossOnFill":{"price":"144.636" "timeInForce":"GTC" "triggerMode":"TOP_OF_BOOK"} "reason":"CLIENT_ORDER"} "orderCancelTransaction":{"id":"564" "accountID":"101-001-30264285-002" "userID":30264285 "batchID":"563" "requestID":"61381021355964436" "time":"2025-06-09T13:00:07.858449872Z" "type":"ORDER_CANCEL" "orderID":"563" "reason":"STOP_LOSS_ON_FILL_LOSS"} "relatedTransactionIDs":["563" "564"] "lastTransactionID":"564"}
2025-06-09 09:00:08.322051,USD_JPY,NY-BREAK-RUN-LITE,SELL,1,HAMMER,UPTREND,False,False,SENT,201,{"orderCreateTransaction":{"id":"565" "accountID":"101-001-30264285-002" "userID":30264285 "batchID":"565" "requestID":"61381021360159163" "time":"2025-06-09T13:00:08.243821843Z" "type":"LIMIT_ORDER" "instrument":"USD_JPY" "units":"50000" "price":"144.637" "timeInForce":"GTC" "triggerCondition":"DEFAULT" "partialFill":"DEFAULT" "positionFill":"DEFAULT" "takeProfitOnFill":{"price":"144.635" "timeInForce":"GTC"} "stopLossOnFill":{"price":"144.638" "timeInForce":"GTC" "triggerMode":"TOP_OF_BOOK"} "reason":"CLIENT_ORDER"} "orderCancelTransaction":{"id":"566" "accountID":"101-001-30264285-002" "userID":30264285 "batchID":"565" "requestID":"61381021360159163" "time":"2025-06-09T13:00:08.243821843Z" "type":"ORDER_CANCEL" "orderID":"565" "reason":"STOP_LOSS_ON_FILL_LOSS"} "relatedTransactionIDs":["565" "566"] "lastTransactionID":"566"}
2025-06-09 09:10:03.080950,EUR_USD,NEWS-SPIKE-TRAP-LITE,SELL,1,NEUTRAL,DOWNTREND,False,False,SENT,201,{"orderCreateTransaction":{"id":"567" "accountID":"101-001-30264285-002" "userID":30264285 "batchID":"567" "requestID":"79395422360338845" "time":"2025-06-09T13:10:03.008484190Z" "type":"LIMIT_ORDER" "instrument":"EUR_USD" "units":"50000" "price":"1.13971" "timeInForce":"GTC" "triggerCondition":"DEFAULT" "partialFill":"DEFAULT" "positionFill":"DEFAULT" "takeProfitOnFill":{"price":"1.13791" "timeInForce":"GTC"} "stopLossOnFill":{"price":"1.14031" "timeInForce":"GTC" "triggerMode":"TOP_OF_BOOK"} "reason":"CLIENT_ORDER"} "orderFillTransaction":{"id":"568" "accountID":"101-001-30264285-002" "userID":30264285 "batchID":"567" "requestID":"79395422360338845" "time":"2025-06-09T13:10:03.008484190Z" "type":"ORDER_FILL" "orderID":"567" "instrument":"EUR_USD" "units":"50000" "requestedUnits":"50000" "price":"1.13955" "pl":"-43.5000" "quotePL":"-43.50000" "financing":"0.0000" "baseFinancing":"0.00000000000000" "commission":"0.0000" "accountBalance":"108692.9509" "gainQuoteHomeConversionFactor":"1" "lossQuoteHomeConversionFactor":"1" "guaranteedExecutionFee":"0.0000" "quoteGuaranteedExecutionFee":"0" "halfSpreadCost":"3.5000" "fullVWAP":"1.13955" "reason":"LIMIT_ORDER" "tradeReduced":{"tradeID":"553" "units":"50000" "realizedPL":"-43.5000" "financing":"0.0000" "baseFinancing":"0.00000000000000" "price":"1.13955" "guaranteedExecutionFee":"0.0000" "quoteGuaranteedExecutionFee":"0" "halfSpreadCost":"3.5000"} "fullPrice":{"closeoutBid":"1.13932" "closeoutAsk":"1.13965" "timestamp":"2025-06-09T13:10:02.059581073Z" "bids":[{"price":"1.13941" "liquidity":"500000"} {"price":"1.13940" "liquidity":"500000"} {"price":"1.13939" "liquidity":"2000000"} {"price":"1.13938" "liquidity":"2000000"} {"price":"1.13937" "liquidity":"5000000"} {"price":"1.13935" "liquidity":"10000000"} {"price":"1.13932" "liquidity":"10000000"}] "asks":[{"price":"1.13955" "liquidity":"500000"} {"price":"1.13957" "liquidity":"2500000"} {"price":"1.13958" "liquidity":"2000000"} {"price":"1.13959" "liquidity":"5000000"} {"price":"1.13962" "liquidity":"10000000"} {"price":"1.13965" "liquidity":"10000000"}]} "homeConversionFactors":{"gainQuoteHome":{"factor":"1"} "lossQuoteHome":{"factor":"1"} "gainBaseHome":{"factor":"1.13378260"} "lossBaseHome":{"factor":"1.14517740"}}} "relatedTransactionIDs":["567" "568"] "lastTransactionID":"568"}
2025-06-09 09:10:03.372963,EUR_USD,NEWS-SPIKE-TRAP-LITE,BUY,0,NEUTRAL,DOWNTREND,False,False,IGNORED,0,점수 부쇄
2025-06-09 09:30:09.642862,EUR_USD,VOLUME-EXPLOSION-LITE,BUY,0,DOJI,DOWNTREND,False,False,IGNORED,0,점수 부쇄
2025-06-09 09:51:57.889954,USD_JPY,NY-BREAK-RUN-LITE,BUY,1,NEUTRAL,UPTREND,False,False,SENT,201,{"orderCreateTransaction":{"id":"569" "accountID":"101-001-30264285-002" "userID":30264285 "batchID":"569" "requestID":"61381034398888201" "time":"2025-06-09T13:51:57.827933823Z" "type":"LIMIT_ORDER" "instrument":"USD_JPY" "units":"50000" "price":"144.720" "timeInForce":"GTC" "triggerCondition":"DEFAULT" "partialFill":"DEFAULT" "positionFill":"DEFAULT" "takeProfitOnFill":{"price":"144.721" "timeInForce":"GTC"} "stopLossOnFill":{"price":"144.713" "timeInForce":"GTC" "triggerMode":"TOP_OF_BOOK"} "reason":"CLIENT_ORDER"} "orderCancelTransaction":{"id":"570" "accountID":"101-001-30264285-002" "userID":30264285 "batchID":"569" "requestID":"61381034398888201" "time":"2025-06-09T13:51:57.827933823Z" "type":"ORDER_CANCEL" "orderID":"569" "reason":"STOP_LOSS_ON_FILL_LOSS"} "relatedTransactionIDs":["569" "570"] "lastTransactionID":"570"}
2025-06-09 10:00:08.813753,EUR_USD,MACD-WAVE-CATCH-LITE,SELL,1,BULLISH_ENGULFING,NEUTRAL,False,False,SENT,201,{"orderCreateTransaction":{"id":"571" "accountID":"101-001-30264285-002" "userID":30264285 "batchID":"571" "requestID":"79395434970886910" "time":"2025-06-09T14:00:08.760524430Z" "type":"LIMIT_ORDER" "instrument":"EUR_USD" "units":"50000" "price":"1.14045" "timeInForce":"GTC" "triggerCondition":"DEFAULT" "partialFill":"DEFAULT" "positionFill":"DEFAULT" "takeProfitOnFill":{"price":"1.13945" "timeInForce":"GTC"} "stopLossOnFill":{"price":"1.14105" "timeInForce":"GTC" "triggerMode":"TOP_OF_BOOK"} "reason":"CLIENT_ORDER"} "orderCancelTransaction":{"id":"572" "accountID":"101-001-30264285-002" "userID":30264285 "batchID":"571" "requestID":"79395434970886910" "time":"2025-06-09T14:00:08.760524430Z" "type":"ORDER_CANCEL" "orderID":"571" "reason":"TAKE_PROFIT_ON_FILL_LOSS"} "relatedTransactionIDs":["571" "572"] "lastTransactionID":"572"}
2025-06-09 10:00:09.132695,EUR_USD,EMA-POWER-ZONE-LITE,SELL,1,BULLISH_ENGULFING,NEUTRAL,False,False,SENT,201,{"orderCreateTransaction":{"id":"573" "accountID":"101-001-30264285-002" "userID":30264285 "batchID":"573" "requestID":"61381036462945270" "time":"2025-06-09T14:00:09.067821935Z" "type":"LIMIT_ORDER" "instrument":"EUR_USD" "units":"50000" "price":"1.14045" "timeInForce":"GTC" "triggerCondition":"DEFAULT" "partialFill":"DEFAULT" "positionFill":"DEFAULT" "takeProfitOnFill":{"price":"1.13945" "timeInForce":"GTC"} "stopLossOnFill":{"price":"1.14115" "timeInForce":"GTC" "triggerMode":"TOP_OF_BOOK"} "reason":"CLIENT_ORDER"} "orderCancelTransaction":{"id":"574" "accountID":"101-001-30264285-002" "userID":30264285 "batchID":"573" "requestID":"61381036462945270" "time":"2025-06-09T14:00:09.067821935Z" "type":"ORDER_CANCEL" "orderID":"573" "reason":"TAKE_PROFIT_ON_FILL_LOSS"} "relatedTransactionIDs":["573" "574"] "lastTransactionID":"574"}
2025-06-09 10:00:11.551698,EUR_USD,MACD-WAVE-CATCH-LITE,BUY,1,BULLISH_ENGULFING,NEUTRAL,False,False,SENT,201,{"orderCreateTransaction":{"id":"575" "accountID":"101-001-30264285-002" "userID":30264285 "batchID":"575" "requestID":"97409833492847364" "time":"2025-06-09T14:00:11.483722665Z" "type":"LIMIT_ORDER" "instrument":"EUR_USD" "units":"50000" "price":"1.13985" "timeInForce":"GTC" "triggerCondition":"DEFAULT" "partialFill":"DEFAULT" "positionFill":"DEFAULT" "takeProfitOnFill":{"price":"1.14085" "timeInForce":"GTC"} "stopLossOnFill":{"price":"1.13925" "timeInForce":"GTC" "triggerMode":"TOP_OF_BOOK"} "reason":"CLIENT_ORDER"} "relatedTransactionIDs":["575"] "lastTransactionID":"575"}
2025-06-09 10:00:12.280621,USD_JPY,CANDLE-ENGULF-TRAP-LITE,BUY,0,NEUTRAL,NEUTRAL,False,False,IGNORED,0,점수 부쇄
2025-06-09 10:00:12.597170,USD_JPY,CANDLE-ENGULF-TRAP-LITE,SELL,0,NEUTRAL,NEUTRAL,False,False,IGNORED,0,점수 부쇄
2025-06-09 10:00:14.473097,EUR_USD,EMA-POWER-ZONE-LITE,BUY,1,BULLISH_ENGULFING,NEUTRAL,False,False,SENT,201,{"orderCreateTransaction":{"id":"576" "accountID":"101-001-30264285-002" "userID":30264285 "batchID":"576" "requestID":"61381036483922304" "time":"2025-06-09T14:00:14.418152469Z" "type":"LIMIT_ORDER" "instrument":"EUR_USD" "units":"50000" "price":"1.13985" "timeInForce":"GTC" "triggerCondition":"DEFAULT" "partialFill":"DEFAULT" "positionFill":"DEFAULT" "takeProfitOnFill":{"price":"1.14085" "timeInForce":"GTC"} "stopLossOnFill":{"price":"1.13915" "timeInForce":"GTC" "triggerMode":"TOP_OF_BOOK"} "reason":"CLIENT_ORDER"} "relatedTransactionIDs":["576"] "lastTransactionID":"576"}
2025-06-09 10:00:19.435222,USD_JPY,EMA-POWER-ZONE-LITE,BUY,0,NEUTRAL,NEUTRAL,False,False,IGNORED,0,점수 부쇄
2025-06-09 10:00:35.150430,USD_JPY,EMA-POWER-ZONE-LITE,SELL,0,NEUTRAL,NEUTRAL,False,False,IGNORED,0,점수 부쇄
2025-06-09 10:20:03.914306,EUR_USD,RANGE-SCALP-MID-LITE,SELL,1,BULLISH_ENGULFING,NEUTRAL,False,False,SENT,201,{"orderCreateTransaction":{"id":"577" "accountID":"101-001-30264285-002" "userID":30264285 "batchID":"577" "requestID":"97409838489320103" "time":"2025-06-09T14:20:03.861096024Z" "type":"LIMIT_ORDER" "instrument":"EUR_USD" "units":"50000" "price":"1.14086" "timeInForce":"GTC" "triggerCondition":"DEFAULT" "partialFill":"DEFAULT" "positionFill":"DEFAULT" "takeProfitOnFill":{"price":"1.13386" "timeInForce":"GTC"} "stopLossOnFill":{"price":"1.14686" "timeInForce":"GTC" "triggerMode":"TOP_OF_BOOK"} "reason":"CLIENT_ORDER"} "orderCancelTransaction":{"id":"578" "accountID":"101-001-30264285-002" "userID":30264285 "batchID":"577" "requestID":"97409838489320103" "time":"2025-06-09T14:20:03.861096024Z" "type":"ORDER_CANCEL" "orderID":"577" "reason":"TAKE_PROFIT_ON_FILL_LOSS"} "relatedTransactionIDs":["577" "578"] "lastTransactionID":"578"}
2025-06-09 10:20:04.252025,EUR_USD,RANGE-SCALP-MID-LITE,BUY,1,BULLISH_ENGULFING,NEUTRAL,False,False,SENT,201,{"orderCreateTransaction":{"id":"579" "accountID":"101-001-30264285-002" "userID":30264285 "batchID":"579" "requestID":"97409838493514717" "time":"2025-06-09T14:20:04.192489061Z" "type":"LIMIT_ORDER" "instrument":"EUR_USD" "units":"50000" "price":"1.14026" "timeInForce":"GTC" "triggerCondition":"DEFAULT" "partialFill":"DEFAULT" "positionFill":"DEFAULT" "takeProfitOnFill":{"price":"1.14726" "timeInForce":"GTC"} "stopLossOnFill":{"price":"1.13426" "timeInForce":"GTC" "triggerMode":"TOP_OF_BOOK"} "reason":"CLIENT_ORDER"} "relatedTransactionIDs":["579"] "lastTransactionID":"579"}
2025-06-09 10:25:08.268024,USD_JPY,RANGE-SCALP-MID-LITE,BUY,0,NEUTRAL,NEUTRAL,False,False,IGNORED,0,점수 부쇄
2025-06-09 10:25:08.382996,USD_JPY,RANGE-SCALP-MID-LITE,SELL,0,NEUTRAL,NEUTRAL,False,False,IGNORED,0,점수 부쇄
2025-06-09 10:30:22.560833,USD_JPY,CANDLE-ENGULF-TRAP-LITE,BUY,0,NEUTRAL,DOWNTREND,False,False,IGNORED,0,점수 부쇄
2025-06-09 10:30:22.860182,USD_JPY,CANDLE-ENGULF-TRAP-LITE,SELL,1,NEUTRAL,DOWNTREND,False,False,SENT,201,{"orderCreateTransaction":{"id":"584" "accountID":"101-001-30264285-002" "userID":30264285 "batchID":"584" "requestID":"97409841086136127" "time":"2025-06-09T14:30:22.812419763Z" "type":"LIMIT_ORDER" "instrument":"USD_JPY" "units":"50000" "price":"144.611" "timeInForce":"GTC" "triggerCondition":"DEFAULT" "partialFill":"DEFAULT" "positionFill":"DEFAULT" "takeProfitOnFill":{"price":"144.610" "timeInForce":"GTC"} "stopLossOnFill":{"price":"144.612" "timeInForce":"GTC" "triggerMode":"TOP_OF_BOOK"} "reason":"CLIENT_ORDER"} "relatedTransactionIDs":["584"] "lastTransactionID":"584"}
2025-06-09 10:40:04.323903,USD_JPY,RANGE-SCALP-MID-LITE,BUY,0,NEUTRAL,DOWNTREND,False,False,IGNORED,0,점수 부쇄
2025-06-09 10:40:07.026275,USD_JPY,RANGE-SCALP-MID-LITE,SELL,1,NEUTRAL,DOWNTREND,False,False,SENT,201,{"orderCreateTransaction":{"id":"590" "accountID":"101-001-30264285-002" "userID":30264285 "batchID":"590" "requestID":"79395445026619406" "time":"2025-06-09T14:40:06.971601647Z" "type":"LIMIT_ORDER" "instrument":"USD_JPY" "units":"50000" "price":"144.670" "timeInForce":"GTC" "triggerCondition":"DEFAULT" "partialFill":"DEFAULT" "positionFill":"DEFAULT" "takeProfitOnFill":{"price":"144.663" "timeInForce":"GTC"} "stopLossOnFill":{"price":"144.676" "timeInForce":"GTC" "triggerMode":"TOP_OF_BOOK"} "reason":"CLIENT_ORDER"} "relatedTransactionIDs":["590"] "lastTransactionID":"590"}
2025-06-09 10:45:01.325265,EUR_USD,VOLUME-EXPLOSION-LITE,BUY,1,INVERTED_HAMMER,UPTREND,False,False,SENT,201,{"orderCreateTransaction":{"id":"592" "accountID":"101-001-30264285-002" "userID":30264285 "batchID":"592" "requestID":"97409844773709138" "time":"2025-06-09T14:45:01.275595726Z" "type":"LIMIT_ORDER" "instrument":"EUR_USD" "units":"50000" "price":"1.14002" "timeInForce":"GTC" "triggerCondition":"DEFAULT" "partialFill":"DEFAULT" "positionFill":"DEFAULT" "takeProfitOnFill":{"price":"1.14102" "timeInForce":"GTC"} "stopLossOnFill":{"price":"1.13302" "timeInForce":"GTC" "triggerMode":"TOP_OF_BOOK"} "reason":"CLIENT_ORDER"} "relatedTransactionIDs":["592"] "lastTransactionID":"592"}
2025-06-09 10:45:01.454959,EUR_USD,VOLUME-EXPLOSION-LITE,SELL,0,INVERTED_HAMMER,UPTREND,False,False,IGNORED,0,점수 부쇄
2025-06-09 10:55:02.556417,USD_JPY,RANGE-SCALP-MID-LITE,SELL,1,NEUTRAL,DOWNTREND,False,False,SENT,201,{"orderCreateTransaction":{"id":"593" "accountID":"101-001-30264285-002" "userID":30264285 "batchID":"593" "requestID":"115424245804317211" "time":"2025-06-09T14:55:02.498055031Z" "type":"LIMIT_ORDER" "instrument":"USD_JPY" "units":"50000" "price":"144.597" "timeInForce":"GTC" "triggerCondition":"DEFAULT" "partialFill":"DEFAULT" "positionFill":"DEFAULT" "takeProfitOnFill":{"price":"144.590" "timeInForce":"GTC"} "stopLossOnFill":{"price":"144.603" "timeInForce":"GTC" "triggerMode":"TOP_OF_BOOK"} "reason":"CLIENT_ORDER"} "relatedTransactionIDs":["593"] "lastTransactionID":"593"}
2025-06-09 10:55:03.550644,USD_JPY,RANGE-SCALP-MID-LITE,BUY,0,NEUTRAL,DOWNTREND,False,False,IGNORED,0,점수 부쇄(0/1)
2025-06-09 11:00:05.431152,EUR_USD,BREAKOUT-MOMENTUM-LITE,SELL,0,DOJI,NEUTRAL,False,False,IGNORED,0,점수 부쇄(0/1)
2025-06-09 11:00:06.462622,EUR_USD,BREAKOUT-MOMENTUM-LITE,BUY,0,DOJI,NEUTRAL,False,False,IGNORED,0,점수 부쇄(0/1)
2025-06-09 13:10:03.710092,EUR_USD,RANGE-SCALP-MID-LITE,BUY,1,HAMMER,NEUTRAL,False,False,SENT,201,{"orderCreateTransaction":{"id":"621" "accountID":"101-001-30264285-002" "userID":30264285 "batchID":"621" "requestID":"79395482761404350" "time":"2025-06-09T17:10:03.655305852Z" "type":"LIMIT_ORDER" "instrument":"EUR_USD" "units":"50000" "price":"1.14180" "timeInForce":"GTC" "triggerCondition":"DEFAULT" "partialFill":"DEFAULT" "positionFill":"DEFAULT" "takeProfitOnFill":{"price":"1.14880" "timeInForce":"GTC"} "stopLossOnFill":{"price":"1.13580" "timeInForce":"GTC" "triggerMode":"TOP_OF_BOOK"} "reason":"CLIENT_ORDER"} "relatedTransactionIDs":["621"] "lastTransactionID":"621"}
2025-06-09 13:10:04.003688,EUR_USD,RANGE-SCALP-MID-LITE,SELL,1,HAMMER,NEUTRAL,False,False,SENT,201,{"orderCreateTransaction":{"id":"622" "accountID":"101-001-30264285-002" "userID":30264285 "batchID":"622" "requestID":"97409881271567436" "time":"2025-06-09T17:10:03.947362031Z" "type":"LIMIT_ORDER" "instrument":"EUR_USD" "units":"50000" "price":"1.14240" "timeInForce":"GTC" "triggerCondition":"DEFAULT" "partialFill":"DEFAULT" "positionFill":"DEFAULT" "takeProfitOnFill":{"price":"1.13540" "timeInForce":"GTC"} "stopLossOnFill":{"price":"1.14840" "timeInForce":"GTC" "triggerMode":"TOP_OF_BOOK"} "reason":"CLIENT_ORDER"} "orderCancelTransaction":{"id":"623" "accountID":"101-001-30264285-002" "userID":30264285 "batchID":"622" "requestID":"97409881271567436" "time":"2025-06-09T17:10:03.947362031Z" "type":"ORDER_CANCEL" "orderID":"622" "reason":"TAKE_PROFIT_ON_FILL_LOSS"} "relatedTransactionIDs":["622" "623"] "lastTransactionID":"623"}
2025-06-09 13:10:05.953783,USD_JPY,RANGE-SCALP-MID-LITE,BUY,0,DOJI,NEUTRAL,False,False,SENT,201,{"orderCreateTransaction":{"id":"624" "accountID":"101-001-30264285-002" "userID":30264285 "batchID":"624" "requestID":"97409881279957819" "time":"2025-06-09T17:10:05.895052468Z" "type":"LIMIT_ORDER" "instrument":"USD_JPY" "units":"50000" "price":"144.440" "timeInForce":"GTC" "triggerCondition":"DEFAULT" "partialFill":"DEFAULT" "positionFill":"DEFAULT" "takeProfitOnFill":{"price":"144.447" "timeInForce":"GTC"} "stopLossOnFill":{"price":"144.434" "timeInForce":"GTC" "triggerMode":"TOP_OF_BOOK"} "reason":"CLIENT_ORDER"} "relatedTransactionIDs":["624"] "lastTransactionID":"624"}
2025-06-09 13:10:06.214624,USD_JPY,RANGE-SCALP-MID-LITE,SELL,0,DOJI,NEUTRAL,False,False,SENT,201,{"orderCreateTransaction":{"id":"625" "accountID":"101-001-30264285-002" "userID":30264285 "batchID":"625" "requestID":"79395482773989445" "time":"2025-06-09T17:10:06.157604801Z" "type":"LIMIT_ORDER" "instrument":"USD_JPY" "units":"50000" "price":"144.440" "timeInForce":"GTC" "triggerCondition":"DEFAULT" "partialFill":"DEFAULT" "positionFill":"DEFAULT" "takeProfitOnFill":{"price":"144.433" "timeInForce":"GTC"} "stopLossOnFill":{"price":"144.446" "timeInForce":"GTC" "triggerMode":"TOP_OF_BOOK"} "reason":"CLIENT_ORDER"} "relatedTransactionIDs":["625"] "lastTransactionID":"625"}
2025-06-09 13:30:01.583080,EUR_USD,RANGE-SCALP-MID-LITE,BUY,0,DOJI,NEUTRAL,False,False,IGNORED,0,점수 부족(0/1)
2025-06-09 13:30:02.058955,EUR_USD,NY-BREAK-RUN-LITE,SELL,1,DOJI,NEUTRAL,False,False,IGNORED,0,점수 부족(1/2)
2025-06-09 13:30:03.536156,EUR_USD,NY-BREAK-RUN-LITE,BUY,1,DOJI,NEUTRAL,False,False,IGNORED,0,점수 부족(1/2)
2025-06-09 13:30:03.704821,EUR_USD,RANGE-SCALP-MID-LITE,SELL,0,DOJI,NEUTRAL,False,False,IGNORED,0,점수 부족(0/1)
2025-06-09 13:30:16.943188,USD_JPY,CANDLE-ENGULF-TRAP-LITE,SELL,1,HAMMER,NEUTRAL,False,False,IGNORED,0,점수 부족(1/2)
2025-06-09 13:30:17.144611,USD_JPY,CANDLE-ENGULF-TRAP-LITE,BUY,1,HAMMER,NEUTRAL,False,False,IGNORED,0,점수 부족(1/2)
2025-06-09 13:30:17.418739,USD_JPY,BREAKOUT-MOMENTUM-LITE,SELL,1,HAMMER,NEUTRAL,False,False,SENT,201,{"orderCreateTransaction":{"id":"628" "accountID":"101-001-30264285-002" "userID":30264285 "batchID":"628" "requestID":"115424284872965527" "time":"2025-06-09T17:30:17.352215441Z" "type":"LIMIT_ORDER"
2025-06-09 13:30:18.307722,USD_JPY,BREAKOUT-MOMENTUM-LITE,BUY,1,HAMMER,NEUTRAL,False,False,SENT,201,{"orderCreateTransaction":{"id":"630" "accountID":"101-001-30264285-002" "userID":30264285 "batchID":"630" "requestID":"115424284877160559" "time":"2025-06-09T17:30:18.246852271Z" "type":"LIMIT_ORDER"
2025-06-09 13:45:03.983625,EUR_USD,NY-BREAK-RUN-LITE,SELL,1,DOJI,NEUTRAL,False,False,IGNORED,0,점수 부족(1/2)
2025-06-09 13:45:04.271118,EUR_USD,NY-BREAK-RUN-LITE,BUY,1,DOJI,NEUTRAL,False,False,IGNORED,0,점수 부족(1/2)
2025-06-09 13:50:05.209589,USD_JPY,RANGE-SCALP-MID-LITE,SELL,1,HAMMER,NEUTRAL,False,False,SENT,201,{"orderCreateTransaction":{"id":"637" "accountID":"101-001-30264285-002" "userID":30264285 "batchID":"637" "requestID":"115424289856678011" "time":"2025-06-09T17:50:05.136872294Z" "type":"LIMIT_ORDER"
2025-06-09 13:50:05.530225,USD_JPY,RANGE-SCALP-MID-LITE,BUY,1,HAMMER,NEUTRAL,False,False,SENT,201,{"orderCreateTransaction":{"id":"639" "accountID":"101-001-30264285-002" "userID":30264285 "batchID":"639" "requestID":"115424289856678242" "time":"2025-06-09T17:50:05.465834261Z" "type":"LIMIT_ORDER"
2025-06-09 14:00:07.535509,EUR_USD,NY-BREAK-RUN-LITE,BUY,1,NEUTRAL,NEUTRAL,False,False,IGNORED,0,점수 부족(1/2)
2025-06-09 14:00:22.166714,EUR_USD,NY-BREAK-RUN-LITE,SELL,1,NEUTRAL,NEUTRAL,False,False,IGNORED,0,점수 부족(1/2)
2025-06-09 14:05:03.959137,USD_JPY,RANGE-SCALP-MID-LITE,BUY,2,HAMMER,UPTREND,False,False,SENT,201,{"orderCreateTransaction":{"id":"640" "accountID":"101-001-30264285-002" "userID":30264285 "batchID":"640" "requestID":"115424293623836734" "time":"2025-06-09T18:05:03.888760829Z" "type":"LIMIT_ORDER"
2025-06-09 14:05:04.376233,USD_JPY,RANGE-SCALP-MID-LITE,SELL,1,HAMMER,UPTREND,False,False,SENT,201,{"orderCreateTransaction":{"id":"641" "accountID":"101-001-30264285-002" "userID":30264285 "batchID":"641" "requestID":"115424293628031386" "time":"2025-06-09T18:05:04.314756077Z" "type":"LIMIT_ORDER"
2025-06-09 14:15:13.012295,EUR_USD,NY-BREAK-RUN-LITE,SELL,1,NEUTRAL,NEUTRAL,False,False,IGNORED,0,점수 부족(1/2)
2025-06-09 14:15:13.170768,EUR_USD,NY-BREAK-RUN-LITE,BUY,1,NEUTRAL,NEUTRAL,False,False,IGNORED,0,점수 부족(1/2)
2025-06-09 14:30:06.166404,EUR_USD,BREAKOUT-MOMENTUM-LITE,SELL,1,BULLISH_ENGULFING,NEUTRAL,False,False,IGNORED,0,점수 부족(1/2)
2025-06-09 14:30:06.514216,EUR_USD,NY-BREAK-RUN-LITE,BUY,2,BULLISH_ENGULFING,NEUTRAL,False,False,SENT,201,{"orderCreateTransaction":{"id":"643" "accountID":"101-001-30264285-002" "userID":30264285 "batchID":"643" "requestID":"97409901416406803" "time":"2025-06-09T18:30:06.448063298Z" "type":"LIMIT_ORDER" 
2025-06-09 14:30:09.151420,EUR_USD,NY-BREAK-RUN-LITE,SELL,2,BULLISH_ENGULFING,NEUTRAL,False,False,SENT,201,{"orderCreateTransaction":{"id":"644" "accountID":"101-001-30264285-002" "userID":30264285 "batchID":"644" "requestID":"61381104412481910" "time":"2025-06-09T18:30:09.083391961Z" "type":"LIMIT_ORDER" 
2025-06-09 14:30:11.470164,EUR_USD,BREAKOUT-MOMENTUM-LITE,BUY,1,BULLISH_ENGULFING,NEUTRAL,False,False,IGNORED,0,점수 부족(1/2)
2025-06-09 14:35:04.372740,USD_JPY,RANGE-SCALP-MID-LITE,BUY,1,NEUTRAL,UPTREND,False,False,SENT,201,{"orderCreateTransaction":{"id":"647" "accountID":"101-001-30264285-002" "userID":30264285 "batchID":"647" "requestID":"115424301179101772" "time":"2025-06-09T18:35:04.302775833Z" "type":"LIMIT_ORDER"
2025-06-09 14:35:04.680936,USD_JPY,RANGE-SCALP-MID-LITE,SELL,0,NEUTRAL,UPTREND,False,False,SENT,201,{"orderCreateTransaction":{"id":"648" "accountID":"101-001-30264285-002" "userID":30264285 "batchID":"648" "requestID":"97409902666542243" "time":"2025-06-09T18:35:04.613655308Z" "type":"LIMIT_ORDER" 
2025-06-09 15:00:03.127257,EUR_USD,BREAKOUT-MOMENTUM-LITE,BUY,0,NEUTRAL,NEUTRAL,False,False,IGNORED,0,점수 부족(0/2)
2025-06-09 15:00:03.280463,EUR_USD,ST-RSI-SNAP-LITE,BUY,1,NEUTRAL,NEUTRAL,False,False,IGNORED,0,점수 부족(1/2)
2025-06-09 15:00:03.939457,EUR_USD,NY-BREAK-RUN-LITE,SELL,1,NEUTRAL,NEUTRAL,False,False,IGNORED,0,점수 부족(1/2)
2025-06-09 15:00:04.512473,EUR_USD,ST-RSI-SNAP-LITE,SELL,1,NEUTRAL,NEUTRAL,False,False,IGNORED,0,점수 부족(1/2)
2025-06-09 15:00:05.532809,EUR_USD,NY-BREAK-RUN-LITE,BUY,1,NEUTRAL,NEUTRAL,False,False,IGNORED,0,점수 부족(1/2)
2025-06-09 15:00:08.201644,USD_JPY,BREAKOUT-MOMENTUM-LITE,SELL,1,BULLISH_ENGULFING,NEUTRAL,False,False,SENT,201,{"orderCreateTransaction":{"id":"650" "accountID":"101-001-30264285-002" "userID":30264285 "batchID":"650" "requestID":"115424307484261052" "time":"2025-06-09T19:00:08.133627956Z" "type":"LIMIT_ORDER"
2025-06-09 15:00:10.768823,EUR_USD,BREAKOUT-MOMENTUM-LITE,SELL,0,NEUTRAL,NEUTRAL,False,False,IGNORED,0,점수 부족(0/2)
2025-06-09 15:00:14.234335,USD_JPY,BREAKOUT-MOMENTUM-LITE,BUY,1,BULLISH_ENGULFING,NEUTRAL,False,False,SENT,201,{"orderCreateTransaction":{"id":"652" "accountID":"101-001-30264285-002" "userID":30264285 "batchID":"652" "requestID":"61381111980466801" "time":"2025-06-09T19:00:14.168137571Z" "type":"LIMIT_ORDER" 
2025-06-09 15:05:08.163939,USD_JPY,RANGE-SCALP-MID-LITE,SELL,1,BULLISH_ENGULFING,NEUTRAL,False,False,SENT,201,{"orderCreateTransaction":{"id":"656" "accountID":"101-001-30264285-002" "userID":30264285 "batchID":"656" "requestID":"61381113213837352" "time":"2025-06-09T19:05:08.096478679Z" "type":"LIMIT_ORDER" 
2025-06-09 15:05:08.536938,USD_JPY,RANGE-SCALP-MID-LITE,BUY,1,BULLISH_ENGULFING,NEUTRAL,False,False,SENT,201,{"orderCreateTransaction":{"id":"658" "accountID":"101-001-30264285-002" "userID":30264285 "batchID":"658" "requestID":"115424308742774764" "time":"2025-06-09T19:05:08.454214011Z" "type":"LIMIT_ORDER"
2025-06-09 15:15:07.362857,USD_JPY,ST-RSI-SNAP-LITE,BUY,2,BULLISH_ENGULFING,NEUTRAL,False,False,SENT,201,{"orderCreateTransaction":{"id":"660" "accountID":"101-001-30264285-002" "userID":30264285 "batchID":"660" "requestID":"61381115726711292" "time":"2025-06-09T19:15:07.286743334Z" "type":"LIMIT_ORDER" 
2025-06-09 15:15:09.307344,USD_JPY,ST-RSI-SNAP-LITE,SELL,2,BULLISH_ENGULFING,NEUTRAL,False,False,SENT,201,{"orderCreateTransaction":{"id":"661" "accountID":"101-001-30264285-002" "userID":30264285 "batchID":"661" "requestID":"115424311263980537" "time":"2025-06-09T19:15:09.232983160Z" "type":"LIMIT_ORDER"
2025-06-09 16:00:11.808775,USD_JPY,BREAKOUT-MOMENTUM-LITE,SELL,144.565,144.465,144.645,DOJI,NEUTRAL,False,False,1,201,{"orderCreateTransaction":{"id":"667" "accountID":"101-001-30264285-002" "userID":30264285 "batchID":"667" "requestID":"97409924086339913" "time":"2025-06-09T20:00:11.731621925Z" "type":"MARKET_ORDER" "instrument":"USD_JPY" "units":"-50000" "timeInForce":"FOK" "positionFill":"DEFAULT" "takeProfitOnFill":{"price":"144.465" "timeInForce":"GTC"} "stopLossOnFill":{"price":"144.645" "timeInForce":"GTC" "triggerMode":"TOP_OF_BOOK"} "reason":"CLIENT_ORDER"} "orderFillTransaction":{"id":"668" "accountID":"101-001-30264285-002" "userID":30264285 "batchID":"667" "requestID":"97409924086339913" "time":"2025-06-09T20:00:11.731621925Z" "type":"ORDER_FILL" "orderID":"667" "instrument":"USD_JPY" "units":"-50000" "requestedUnits":"-50000" "price":"144.579" "pl":"0.0000" "quotePL":"0" "financing":"0.0000" "baseFinancing":"0" "commission":"0.0000" "accountBalance":"108702.4509" "gainQuoteHomeConversionFactor":"0.006881717471" "lossQuoteHomeConversionFactor":"0.006950880461" "guaranteedExecutionFee":"0.0000" "quoteGuaranteedExecutionFee":"0" "halfSpreadCost":"2.4207" "fullVWAP":"144.579" "reason":"MARKET_ORDER" "tradeOpened":{"price":"144.579" "tradeID":"668" "units":"-50000" "guaranteedExecutionFee":"0.0000" "quoteGuaranteedExecutionFee":"0" "halfSpreadCost":"2.4207" "initialMarginRequired":"2500.0000"} "fullPrice":{"closeoutBid":"144.569" "closeoutAsk":"144.604" "timestamp":"2025-06-09T20:00:11.545456231Z" "bids":[{"price":"144.579" "liquidity":"500000"} {"price":"144.578" "liquidity":"500000"} {"price":"144.577" "liquidity":"2000000"} {"price":"144.575" "liquidity":"2000000"} {"price":"144.573" "liquidity":"5000000"} {"price":"144.571" "liquidity":"10000000"} {"price":"144.569" "liquidity":"10000000"}] "asks":[{"price":"144.593" "liquidity":"500000"} {"price":"144.595" "liquidity":"2500000"} {"price":"144.597" "liquidity":"2000000"} {"price":"144.600" "liquidity":"5000000"} {"price":"144.602" "liquidity":"10000000"} {"price":"144.604" "liquidity":"10000000"}]} "homeConversionFactors":{"gainQuoteHome":{"factor":"0.00688171747149"} "lossQuoteHome":{"factor":"0.00695088046115"} "gainBaseHome":{"factor":"1"} "lossBaseHome":{"factor":"1"}}} "relatedTransactionIDs":["667" "668" "669" "670"] "lastTransactionID":"670"}
2025-06-09 16:00:12.132550,USD_JPY,BREAKOUT-MOMENTUM-LITE,BUY,144.565,144.665,144.485,DOJI,NEUTRAL,False,False,1,201,{"orderCreateTransaction":{"id":"671" "accountID":"101-001-30264285-002" "userID":30264285 "batchID":"671" "requestID":"61381127074459644" "time":"2025-06-09T20:00:12.054488205Z" "type":"MARKET_ORDER" "instrument":"USD_JPY" "units":"50000" "timeInForce":"FOK" "positionFill":"DEFAULT" "takeProfitOnFill":{"price":"144.665" "timeInForce":"GTC"} "stopLossOnFill":{"price":"144.485" "timeInForce":"GTC" "triggerMode":"TOP_OF_BOOK"} "reason":"CLIENT_ORDER"} "orderFillTransaction":{"id":"672" "accountID":"101-001-30264285-002" "userID":30264285 "batchID":"671" "requestID":"61381127074459644" "time":"2025-06-09T20:00:12.054488205Z" "type":"ORDER_FILL" "orderID":"671" "instrument":"USD_JPY" "units":"50000" "requestedUnits":"50000" "price":"144.593" "pl":"-4.8656" "quotePL":"-700.000" "financing":"0.0000" "baseFinancing":"0.00000000000000" "commission":"0.0000" "accountBalance":"108697.5853" "gainQuoteHomeConversionFactor":"0.006881717471" "lossQuoteHomeConversionFactor":"0.006950880461" "guaranteedExecutionFee":"0.0000" "quoteGuaranteedExecutionFee":"0" "halfSpreadCost":"2.4207" "fullVWAP":"144.593" "reason":"MARKET_ORDER" "tradesClosed":[{"tradeID":"668" "units":"50000" "realizedPL":"-4.8656" "financing":"0.0000" "baseFinancing":"0.00000000000000" "price":"144.593" "guaranteedExecutionFee":"0.0000" "quoteGuaranteedExecutionFee":"0" "halfSpreadCost":"2.4207"}] "fullPrice":{"closeoutBid":"144.569" "closeoutAsk":"144.604" "timestamp":"2025-06-09T20:00:11.545456231Z" "bids":[{"price":"144.579" "liquidity":"450000"} {"price":"144.578" "liquidity":"500000"} {"price":"144.577" "liquidity":"2000000"} {"price":"144.575" "liquidity":"2000000"} {"price":"144.573" "liquidity":"5000000"} {"price":"144.571" "liquidity":"10000000"} {"price":"144.569" "liquidity":"10000000"}] "asks":[{"price":"144.593" "liquidity":"500000"} {"price":"144.595" "liquidity":"2500000"} {"price":"144.597" "liquidity":"2000000"} {"price":"144.600" "liquidity":"5000000"} {"price":"144.602" "liquidity":"10000000"} {"price":"144.604" "liquidity":"10000000"}]} "homeConversionFactors":{"gainQuoteHome":{"factor":"0.00688171747149"} "lossQuoteHome":{"factor":"0.00695088046115"} "gainBaseHome":{"factor":"1"} "lossBaseHome":{"factor":"1"}}} "relatedTransactionIDs":["671" "672" "673" "674"] "lastTransactionID":"674"}
2025-06-09 17:10:05.859325,USD_JPY,RANGE-SCALP-MID-LITE,BUY,144.547,144.617,144.477,NEUTRAL,NEUTRAL,False,False,0,201,{"orderCreateTransaction":{"id":"685" "accountID":"101-001-30264285-002" "userID":30264285 "batchID":"685" "requestID":"79395543169677936" "time":"2025-06-09T21:10:05.776011538Z" "type":"MARKET_ORDER" "instrument":"USD_JPY" "units":"50000" "timeInForce":"FOK" "positionFill":"DEFAULT" "takeProfitOnFill":{"price":"144.617" "timeInForce":"GTC"} "stopLossOnFill":{"price":"144.477" "timeInForce":"GTC" "triggerMode":"TOP_OF_BOOK"} "reason":"CLIENT_ORDER"} "orderFillTransaction":{"id":"686" "accountID":"101-001-30264285-002" "userID":30264285 "batchID":"685" "requestID":"79395543169677936" "time":"2025-06-09T21:10:05.776011538Z" "type":"ORDER_FILL" "orderID":"685" "instrument":"USD_JPY" "units":"50000" "requestedUnits":"50000" "price":"144.596" "pl":"0.0000" "quotePL":"0" "financing":"0.0000" "baseFinancing":"0" "commission":"0.0000" "accountBalance":"108692.2080" "gainQuoteHomeConversionFactor":"0.006883622646" "lossQuoteHomeConversionFactor":"0.006952804784" "guaranteedExecutionFee":"0.0000" "quoteGuaranteedExecutionFee":"0" "halfSpreadCost":"17.2955" "fullVWAP":"144.596" "reason":"MARKET_ORDER" "tradeOpened":{"price":"144.596" "tradeID":"686" "units":"50000" "guaranteedExecutionFee":"0.0000" "quoteGuaranteedExecutionFee":"0" "halfSpreadCost":"17.2955" "initialMarginRequired":"2500.0000"} "fullPrice":{"closeoutBid":"144.486" "closeoutAsk":"144.607" "timestamp":"2025-06-09T21:10:02.193956778Z" "bids":[{"price":"144.496" "liquidity":"500000"} {"price":"144.495" "liquidity":"500000"} {"price":"144.494" "liquidity":"2000000"} {"price":"144.492" "liquidity":"2000000"} {"price":"144.490" "liquidity":"5000000"} {"price":"144.488" "liquidity":"10000000"} {"price":"144.486" "liquidity":"10000000"}] "asks":[{"price":"144.596" "liquidity":"500000"} {"price":"144.598" "liquidity":"2500000"} {"price":"144.600" "liquidity":"2000000"} {"price":"144.603" "liquidity":"5000000"} {"price":"144.605" "liquidity":"10000000"} {"price":"144.607" "liquidity":"10000000"}]} "homeConversionFactors":{"gainQuoteHome":{"factor":"0.00688362264646"} "lossQuoteHome":{"factor":"0.00695280478362"} "gainBaseHome":{"factor":"1"} "lossBaseHome":{"factor":"1"}}} "relatedTransactionIDs":["685" "686" "687" "688"] "lastTransactionID":"688"}
2025-06-09 17:10:06.195377,USD_JPY,RANGE-SCALP-MID-LITE,SELL,144.547,144.477,144.617,NEUTRAL,NEUTRAL,False,False,0,201,{"orderCreateTransaction":{"id":"689" "accountID":"101-001-30264285-002" "userID":30264285 "batchID":"689" "requestID":"115424340192861187" "time":"2025-06-09T21:10:06.112526311Z" "type":"MARKET_ORDER" "instrument":"USD_JPY" "units":"-50000" "timeInForce":"FOK" "positionFill":"DEFAULT" "takeProfitOnFill":{"price":"144.477" "timeInForce":"GTC"} "stopLossOnFill":{"price":"144.617" "timeInForce":"GTC" "triggerMode":"TOP_OF_BOOK"} "reason":"CLIENT_ORDER"} "orderFillTransaction":{"id":"690" "accountID":"101-001-30264285-002" "userID":30264285 "batchID":"689" "requestID":"115424340192861187" "time":"2025-06-09T21:10:06.112526311Z" "type":"ORDER_FILL" "orderID":"689" "instrument":"USD_JPY" "units":"-50000" "requestedUnits":"-50000" "price":"144.496" "pl":"-34.7640" "quotePL":"-5000.000" "financing":"0.0000" "baseFinancing":"0.00000000000000" "commission":"0.0000" "accountBalance":"108657.4440" "gainQuoteHomeConversionFactor":"0.006883622646" "lossQuoteHomeConversionFactor":"0.006952804784" "guaranteedExecutionFee":"0.0000" "quoteGuaranteedExecutionFee":"0" "halfSpreadCost":"17.2955" "fullVWAP":"144.496" "reason":"MARKET_ORDER" "tradesClosed":[{"tradeID":"686" "units":"-50000" "realizedPL":"-34.7640" "financing":"0.0000" "baseFinancing":"0.00000000000000" "price":"144.496" "guaranteedExecutionFee":"0.0000" "quoteGuaranteedExecutionFee":"0" "halfSpreadCost":"17.2955"}] "fullPrice":{"closeoutBid":"144.486" "closeoutAsk":"144.607" "timestamp":"2025-06-09T21:10:02.193956778Z" "bids":[{"price":"144.496" "liquidity":"500000"} {"price":"144.495" "liquidity":"500000"} {"price":"144.494" "liquidity":"2000000"} {"price":"144.492" "liquidity":"2000000"} {"price":"144.490" "liquidity":"5000000"} {"price":"144.488" "liquidity":"10000000"} {"price":"144.486" "liquidity":"10000000"}] "asks":[{"price":"144.596" "liquidity":"450000"} {"price":"144.598" "liquidity":"2500000"} {"price":"144.600" "liquidity":"2000000"} {"price":"144.603" "liquidity":"5000000"} {"price":"144.605" "liquidity":"10000000"} {"price":"144.607" "liquidity":"10000000"}]} "homeConversionFactors":{"gainQuoteHome":{"factor":"0.00688362264646"} "lossQuoteHome":{"factor":"0.00695280478362"} "gainBaseHome":{"factor":"1"} "lossBaseHome":{"factor":"1"}}} "relatedTransactionIDs":["689" "690" "691" "692"] "lastTransactionID":"692"}
2025-06-09 18:10:06.821672,USD_JPY,RANGE-SCALP-MID-LITE,SELL,144.592,144.522,144.662,DOJI,NEUTRAL,False,False,0,201,{"orderCreateTransaction":{"id":"693" "accountID":"101-001-30264285-002" "userID":30264285 "batchID":"693" "requestID":"115424355290381749" "time":"2025-06-09T22:10:06.718732167Z" "type":"MARKET_ORDER" "instrument":"USD_JPY" "units":"-50000" "timeInForce":"FOK" "positionFill":"DEFAULT" "takeProfitOnFill":{"price":"144.522" "timeInForce":"GTC"} "stopLossOnFill":{"price":"144.662" "timeInForce":"GTC" "triggerMode":"TOP_OF_BOOK"} "reason":"CLIENT_ORDER"} "orderFillTransaction":{"id":"694" "accountID":"101-001-30264285-002" "userID":30264285 "batchID":"693" "requestID":"115424355290381749" "time":"2025-06-09T22:10:06.718732167Z" "type":"ORDER_FILL" "orderID":"693" "instrument":"USD_JPY" "units":"-50000" "requestedUnits":"-50000" "price":"144.584" "pl":"0.0000" "quotePL":"0" "financing":"0.0000" "baseFinancing":"0" "commission":"0.0000" "accountBalance":"108657.4440" "gainQuoteHomeConversionFactor":"0.006881312949" "lossQuoteHomeConversionFactor":"0.006950471873" "guaranteedExecutionFee":"0.0000" "quoteGuaranteedExecutionFee":"0" "halfSpreadCost":"3.6308" "fullVWAP":"144.584" "reason":"MARKET_ORDER" "tradeOpened":{"price":"144.584" "tradeID":"694" "units":"-50000" "guaranteedExecutionFee":"0.0000" "quoteGuaranteedExecutionFee":"0" "halfSpreadCost":"3.6308" "initialMarginRequired":"2500.0000"} "fullPrice":{"closeoutBid":"144.574" "closeoutAsk":"144.616" "timestamp":"2025-06-09T22:10:05.017449289Z" "bids":[{"price":"144.584" "liquidity":"500000"} {"price":"144.583" "liquidity":"500000"} {"price":"144.582" "liquidity":"2000000"} {"price":"144.580" "liquidity":"2000000"} {"price":"144.578" "liquidity":"5000000"} {"price":"144.576" "liquidity":"10000000"} {"price":"144.574" "liquidity":"10000000"}] "asks":[{"price":"144.605" "liquidity":"500000"} {"price":"144.607" "liquidity":"2500000"} {"price":"144.609" "liquidity":"2000000"} {"price":"144.612" "liquidity":"5000000"} {"price":"144.614" "liquidity":"10000000"} {"price":"144.616" "liquidity":"10000000"}]} "homeConversionFactors":{"gainQuoteHome":{"factor":"0.00688131294929"} "lossQuoteHome":{"factor":"0.00695047187341"} "gainBaseHome":{"factor":"1"} "lossBaseHome":{"factor":"1"}}} "relatedTransactionIDs":["693" "694" "695" "696"] "lastTransactionID":"696"}
2025-06-09 18:10:07.109773,USD_JPY,RANGE-SCALP-MID-LITE,BUY,144.592,144.662,144.522,DOJI,NEUTRAL,False,False,0,201,{"orderCreateTransaction":{"id":"697" "accountID":"101-001-30264285-002" "userID":30264285 "batchID":"697" "requestID":"97409956786107703" "time":"2025-06-09T22:10:07.058172995Z" "type":"MARKET_ORDER" "instrument":"USD_JPY" "units":"50000" "timeInForce":"FOK" "positionFill":"DEFAULT" "takeProfitOnFill":{"price":"144.662" "timeInForce":"GTC"} "stopLossOnFill":{"price":"144.522" "timeInForce":"GTC" "triggerMode":"TOP_OF_BOOK"} "reason":"CLIENT_ORDER"} "orderFillTransaction":{"id":"698" "accountID":"101-001-30264285-002" "userID":30264285 "batchID":"697" "requestID":"97409956786107703" "time":"2025-06-09T22:10:07.058172995Z" "type":"ORDER_FILL" "orderID":"697" "instrument":"USD_JPY" "units":"50000" "requestedUnits":"50000" "price":"144.605" "pl":"-7.2980" "quotePL":"-1050.000" "financing":"0.0000" "baseFinancing":"0.00000000000000" "commission":"0.0000" "accountBalance":"108650.1460" "gainQuoteHomeConversionFactor":"0.006881312949" "lossQuoteHomeConversionFactor":"0.006950471873" "guaranteedExecutionFee":"0.0000" "quoteGuaranteedExecutionFee":"0" "halfSpreadCost":"3.6308" "fullVWAP":"144.605" "reason":"MARKET_ORDER" "tradesClosed":[{"tradeID":"694" "units":"50000" "realizedPL":"-7.2980" "financing":"0.0000" "baseFinancing":"0.00000000000000" "price":"144.605" "guaranteedExecutionFee":"0.0000" "quoteGuaranteedExecutionFee":"0" "halfSpreadCost":"3.6308"}] "fullPrice":{"closeoutBid":"144.574" "closeoutAsk":"144.616" "timestamp":"2025-06-09T22:10:05.017449289Z" "bids":[{"price":"144.584" "liquidity":"450000"} {"price":"144.583" "liquidity":"500000"} {"price":"144.582" "liquidity":"2000000"} {"price":"144.580" "liquidity":"2000000"} {"price":"144.578" "liquidity":"5000000"} {"price":"144.576" "liquidity":"10000000"} {"price":"144.574" "liquidity":"10000000"}] "asks":[{"price":"144.605" "liquidity":"500000"} {"price":"144.607" "liquidity":"2500000"} {"price":"144.609" "liquidity":"2000000"} {"price":"144.612" "liquidity":"5000000"} {"price":"144.614" "liquidity":"10000000"} {"price":"144.616" "liquidity":"10000000"}]} "homeConversionFactors":{"gainQuoteHome":{"factor":"0.00688131294929"} "lossQuoteHome":{"factor":"0.00695047187341"} "gainBaseHome":{"factor":"1"} "lossBaseHome":{"factor":"1"}}} "relatedTransactionIDs":["697" "698" "699" "700"] "lastTransactionID":"700"}
2025-06-09 19:25:03.583116,USD_JPY,RANGE-SCALP-MID-LITE,BUY,144.534,144.604,144.464,DOJI,UPTREND,False,False,1,201,{"orderCreateTransaction":{"id":"701" "accountID":"101-001-30264285-002" "userID":30264285 "batchID":"701" "requestID":"61381178627455836" "time":"2025-06-09T23:25:03.544728651Z" "type":"MARKET_ORDER" "instrument":"USD_JPY" "units":"50000" "timeInForce":"FOK" "positionFill":"DEFAULT" "takeProfitOnFill":{"price":"144.604" "timeInForce":"GTC"} "stopLossOnFill":{"price":"144.464" "timeInForce":"GTC" "triggerMode":"TOP_OF_BOOK"} "reason":"CLIENT_ORDER"} "orderFillTransaction":{"id":"702" "accountID":"101-001-30264285-002" "userID":30264285 "batchID":"701" "requestID":"61381178627455836" "time":"2025-06-09T23:25:03.544728651Z" "type":"ORDER_FILL" "orderID":"701" "instrument":"USD_JPY" "units":"50000" "requestedUnits":"50000" "price":"144.542" "pl":"0.0000" "quotePL":"0" "financing":"0.0000" "baseFinancing":"0" "commission":"0.0000" "accountBalance":"108650.1460" "gainQuoteHomeConversionFactor":"0.006884240996" "lossQuoteHomeConversionFactor":"0.006953429348" "guaranteedExecutionFee":"0.0000" "quoteGuaranteedExecutionFee":"0" "halfSpreadCost":"3.1135" "fullVWAP":"144.542" "reason":"MARKET_ORDER" "tradeOpened":{"price":"144.542" "tradeID":"702" "units":"50000" "guaranteedExecutionFee":"0.0000" "quoteGuaranteedExecutionFee":"0" "halfSpreadCost":"3.1135" "initialMarginRequired":"2500.0000"} "fullPrice":{"closeoutBid":"144.514" "closeoutAsk":"144.553" "timestamp":"2025-06-09T23:25:01.396798353Z" "bids":[{"price":"144.524" "liquidity":"500000"} {"price":"144.523" "liquidity":"500000"} {"price":"144.522" "liquidity":"2000000"} {"price":"144.520" "liquidity":"2000000"} {"price":"144.518" "liquidity":"5000000"} {"price":"144.516" "liquidity":"10000000"} {"price":"144.514" "liquidity":"10000000"}] "asks":[{"price":"144.542" "liquidity":"500000"} {"price":"144.544" "liquidity":"2500000"} {"price":"144.546" "liquidity":"2000000"} {"price":"144.549" "liquidity":"5000000"} {"price":"144.551" "liquidity":"10000000"} {"price":"144.553" "liquidity":"10000000"}]} "homeConversionFactors":{"gainQuoteHome":{"factor":"0.00688424099588"} "lossQuoteHome":{"factor":"0.00695342934760"} "gainBaseHome":{"factor":"1"} "lossBaseHome":{"factor":"1"}}} "relatedTransactionIDs":["701" "702" "703" "704"] "lastTransactionID":"704"}
2025-06-09 19:25:03.840653,USD_JPY,RANGE-SCALP-MID-LITE,SELL,144.534,144.464,144.604,DOJI,UPTREND,False,False,0,201,{"orderCreateTransaction":{"id":"705" "accountID":"101-001-30264285-002" "userID":30264285 "batchID":"705" "requestID":"97409975646534244" "time":"2025-06-09T23:25:03.801240839Z" "type":"MARKET_ORDER" "instrument":"USD_JPY" "units":"-50000" "timeInForce":"FOK" "positionFill":"DEFAULT" "takeProfitOnFill":{"price":"144.464" "timeInForce":"GTC"} "stopLossOnFill":{"price":"144.604" "timeInForce":"GTC" "triggerMode":"TOP_OF_BOOK"} "reason":"CLIENT_ORDER"} "orderFillTransaction":{"id":"706" "accountID":"101-001-30264285-002" "userID":30264285 "batchID":"705" "requestID":"97409975646534244" "time":"2025-06-09T23:25:03.801240839Z" "type":"ORDER_FILL" "orderID":"705" "instrument":"USD_JPY" "units":"-50000" "requestedUnits":"-50000" "price":"144.524" "pl":"-6.2581" "quotePL":"-900.000" "financing":"0.0000" "baseFinancing":"0.00000000000000" "commission":"0.0000" "accountBalance":"108643.8879" "gainQuoteHomeConversionFactor":"0.006884240996" "lossQuoteHomeConversionFactor":"0.006953429348" "guaranteedExecutionFee":"0.0000" "quoteGuaranteedExecutionFee":"0" "halfSpreadCost":"3.1135" "fullVWAP":"144.524" "reason":"MARKET_ORDER" "tradesClosed":[{"tradeID":"702" "units":"-50000" "realizedPL":"-6.2581" "financing":"0.0000" "baseFinancing":"0.00000000000000" "price":"144.524" "guaranteedExecutionFee":"0.0000" "quoteGuaranteedExecutionFee":"0" "halfSpreadCost":"3.1135"}] "fullPrice":{"closeoutBid":"144.514" "closeoutAsk":"144.553" "timestamp":"2025-06-09T23:25:01.396798353Z" "bids":[{"price":"144.524" "liquidity":"500000"} {"price":"144.523" "liquidity":"500000"} {"price":"144.522" "liquidity":"2000000"} {"price":"144.520" "liquidity":"2000000"} {"price":"144.518" "liquidity":"5000000"} {"price":"144.516" "liquidity":"10000000"} {"price":"144.514" "liquidity":"10000000"}] "asks":[{"price":"144.542" "liquidity":"450000"} {"price":"144.544" "liquidity":"2500000"} {"price":"144.546" "liquidity":"2000000"} {"price":"144.549" "liquidity":"5000000"} {"price":"144.551" "liquidity":"10000000"} {"price":"144.553" "liquidity":"10000000"}]} "homeConversionFactors":{"gainQuoteHome":{"factor":"0.00688424099588"} "lossQuoteHome":{"factor":"0.00695342934760"} "gainBaseHome":{"factor":"1"} "lossBaseHome":{"factor":"1"}}} "relatedTransactionIDs":["705" "706" "707" "708"] "lastTransactionID":"708"}
2025-06-09 20:07:56.944027,USD_JPY,RANGE-SCALP-MID-LITE,BUY,144.6,144.67,144.53,NEUTRAL,NEUTRAL,False,False,0,201,{"orderCreateTransaction":{"id":"711" "accountID":"101-001-30264285-002" "userID":30264285 "batchID":"711" "requestID":"115424384944743876" "time":"2025-06-10T00:07:56.904752720Z" "type":"MARKET_ORDER" "instrument":"USD_JPY" "units":"50000" "timeInForce":"FOK" "positionFill":"DEFAULT" "takeProfitOnFill":{"price":"144.670" "timeInForce":"GTC"} "stopLossOnFill":{"price":"144.530" "timeInForce":"GTC" "triggerMode":"TOP_OF_BOOK"} "reason":"CLIENT_ORDER"} "orderFillTransaction":{"id":"712" "accountID":"101-001-30264285-002" "userID":30264285 "batchID":"711" "requestID":"115424384944743876" "time":"2025-06-10T00:07:56.904752720Z" "type":"ORDER_FILL" "orderID":"711" "instrument":"USD_JPY" "units":"50000" "requestedUnits":"50000" "price":"144.551" "pl":"0.0000" "quotePL":"0" "financing":"0.0000" "baseFinancing":"0" "commission":"0.0000" "accountBalance":"108643.8879" "gainQuoteHomeConversionFactor":"0.006883812344" "lossQuoteHomeConversionFactor":"0.006952996388" "guaranteedExecutionFee":"0.0000" "quoteGuaranteedExecutionFee":"0" "halfSpreadCost":"3.1133" "fullVWAP":"144.551" "reason":"MARKET_ORDER" "tradeOpened":{"price":"144.551" "tradeID":"712" "units":"50000" "guaranteedExecutionFee":"0.0000" "quoteGuaranteedExecutionFee":"0" "halfSpreadCost":"3.1133" "initialMarginRequired":"2500.0000"} "fullPrice":{"closeoutBid":"144.523" "closeoutAsk":"144.562" "timestamp":"2025-06-10T00:07:56.041403773Z" "bids":[{"price":"144.533" "liquidity":"500000"} {"price":"144.532" "liquidity":"500000"} {"price":"144.531" "liquidity":"2000000"} {"price":"144.529" "liquidity":"2000000"} {"price":"144.527" "liquidity":"5000000"} {"price":"144.525" "liquidity":"10000000"} {"price":"144.523" "liquidity":"10000000"}] "asks":[{"price":"144.551" "liquidity":"500000"} {"price":"144.553" "liquidity":"2500000"} {"price":"144.555" "liquidity":"2000000"} {"price":"144.558" "liquidity":"5000000"} {"price":"144.560" "liquidity":"10000000"} {"price":"144.562" "liquidity":"10000000"}]} "homeConversionFactors":{"gainQuoteHome":{"factor":"0.00688381234422"} "lossQuoteHome":{"factor":"0.00695299638788"} "gainBaseHome":{"factor":"1"} "lossBaseHome":{"factor":"1"}}} "relatedTransactionIDs":["711" "712" "713" "714"] "lastTransactionID":"714"}
2025-06-09 21:23:10.850113,USD_JPY,RANGE-SCALP-MID-LITE,BUY,144.6,144.67,144.53,NEUTRAL,NEUTRAL,False,False,0,201,{"orderCreateTransaction":{"id":"719" "accountID":"101-001-30264285-002" "userID":30264285 "batchID":"719" "requestID":"61381208349242670" "time":"2025-06-10T01:23:10.811381335Z" "type":"MARKET_ORDER" "instrument":"USD_JPY" "units":"50000" "timeInForce":"FOK" "positionFill":"DEFAULT" "takeProfitOnFill":{"price":"144.670" "timeInForce":"GTC"} "stopLossOnFill":{"price":"144.530" "timeInForce":"GTC" "triggerMode":"TOP_OF_BOOK"} "reason":"CLIENT_ORDER"} "orderCancelTransaction":{"id":"720" "accountID":"101-001-30264285-002" "userID":30264285 "batchID":"719" "requestID":"61381208349242670" "time":"2025-06-10T01:23:10.811381335Z" "type":"ORDER_CANCEL" "orderID":"719" "reason":"STOP_LOSS_ON_FILL_LOSS"} "relatedTransactionIDs":["719" "720"] "lastTransactionID":"720"}
2025-06-09 22:55:04.893772,USD_JPY,RANGE-SCALP-MID-LITE,BUY,144.942,145.092,144.842,NEUTRAL,UPTREND,False,False,1,201,{"orderCreateTransaction":{"id":"721" "accountID":"101-001-30264285-002" "userID":30264285 "batchID":"721" "requestID":"61381231476230882" "time":"2025-06-10T02:55:04.854884795Z" "type":"MARKET_ORDER" "instrument":"USD_JPY" "units":"50000" "timeInForce":"FOK" "positionFill":"DEFAULT" "takeProfitOnFill":{"price":"145.092" "timeInForce":"GTC"} "stopLossOnFill":{"price":"144.842" "timeInForce":"GTC" "triggerMode":"TOP_OF_BOOK"} "reason":"CLIENT_ORDER"} "orderFillTransaction":{"id":"722" "accountID":"101-001-30264285-002" "userID":30264285 "batchID":"721" "requestID":"61381231476230882" "time":"2025-06-10T02:55:04.854884795Z" "type":"ORDER_FILL" "orderID":"721" "instrument":"USD_JPY" "units":"50000" "requestedUnits":"50000" "price":"144.949" "pl":"0.0000" "quotePL":"0" "financing":"0.0000" "baseFinancing":"0" "commission":"0.0000" "accountBalance":"108620.5871" "gainQuoteHomeConversionFactor":"0.006864814907" "lossQuoteHomeConversionFactor":"0.006933808022" "guaranteedExecutionFee":"0.0000" "quoteGuaranteedExecutionFee":"0" "halfSpreadCost":"2.4148" "fullVWAP":"144.949" "reason":"MARKET_ORDER" "tradeOpened":{"price":"144.949" "tradeID":"722" "units":"50000" "guaranteedExecutionFee":"0.0000" "quoteGuaranteedExecutionFee":"0" "halfSpreadCost":"2.4148" "initialMarginRequired":"2500.0000"} "fullPrice":{"closeoutBid":"144.925" "closeoutAsk":"144.960" "timestamp":"2025-06-10T02:55:03.972589169Z" "bids":[{"price":"144.935" "liquidity":"500000"} {"price":"144.934" "liquidity":"500000"} {"price":"144.933" "liquidity":"2000000"} {"price":"144.931" "liquidity":"2000000"} {"price":"144.929" "liquidity":"5000000"} {"price":"144.927" "liquidity":"10000000"} {"price":"144.925" "liquidity":"10000000"}] "asks":[{"price":"144.949" "liquidity":"500000"} {"price":"144.951" "liquidity":"2500000"} {"price":"144.953" "liquidity":"2000000"} {"price":"144.956" "liquidity":"5000000"} {"price":"144.958" "liquidity":"10000000"} {"price":"144.960" "liquidity":"10000000"}]} "homeConversionFactors":{"gainQuoteHome":{"factor":"0.00686481490749"} "lossQuoteHome":{"factor":"0.00693380802213"} "gainBaseHome":{"factor":"1"} "lossBaseHome":{"factor":"1"}}} "relatedTransactionIDs":["721" "722" "723" "724"] "lastTransactionID":"724"}
2025-06-09 22:55:05.389843,USD_JPY,RANGE-SCALP-MID-LITE,SELL,144.942,144.792,145.042,NEUTRAL,UPTREND,False,False,0,201,{"orderCreateTransaction":{"id":"725" "accountID":"101-001-30264285-002" "userID":30264285 "batchID":"725" "requestID":"115424427009013042" "time":"2025-06-10T02:55:05.347490774Z" "type":"MARKET_ORDER" "instrument":"USD_JPY" "units":"-50000" "timeInForce":"FOK" "positionFill":"DEFAULT" "takeProfitOnFill":{"price":"144.792" "timeInForce":"GTC"} "stopLossOnFill":{"price":"145.042" "timeInForce":"GTC" "triggerMode":"TOP_OF_BOOK"} "reason":"CLIENT_ORDER"} "orderFillTransaction":{"id":"726" "accountID":"101-001-30264285-002" "userID":30264285 "batchID":"725" "requestID":"115424427009013042" "time":"2025-06-10T02:55:05.347490774Z" "type":"ORDER_FILL" "orderID":"725" "instrument":"USD_JPY" "units":"-50000" "requestedUnits":"-50000" "price":"144.935" "pl":"-4.8537" "quotePL":"-700.000" "financing":"0.0000" "baseFinancing":"0.00000000000000" "commission":"0.0000" "accountBalance":"108615.7334" "gainQuoteHomeConversionFactor":"0.006864814907" "lossQuoteHomeConversionFactor":"0.006933808022" "guaranteedExecutionFee":"0.0000" "quoteGuaranteedExecutionFee":"0" "halfSpreadCost":"2.4148" "fullVWAP":"144.935" "reason":"MARKET_ORDER" "tradesClosed":[{"tradeID":"722" "units":"-50000" "realizedPL":"-4.8537" "financing":"0.0000" "baseFinancing":"0.00000000000000" "price":"144.935" "guaranteedExecutionFee":"0.0000" "quoteGuaranteedExecutionFee":"0" "halfSpreadCost":"2.4148"}] "fullPrice":{"closeoutBid":"144.925" "closeoutAsk":"144.960" "timestamp":"2025-06-10T02:55:05.310764977Z" "bids":[{"price":"144.935" "liquidity":"500000"} {"price":"144.934" "liquidity":"500000"} {"price":"144.933" "liquidity":"2000000"} {"price":"144.931" "liquidity":"2000000"} {"price":"144.929" "liquidity":"5000000"} {"price":"144.927" "liquidity":"10000000"} {"price":"144.925" "liquidity":"10000000"}] "asks":[{"price":"144.949" "liquidity":"450000"} {"price":"144.951" "liquidity":"2500000"} {"price":"144.953" "liquidity":"2000000"} {"price":"144.956" "liquidity":"5000000"} {"price":"144.958" "liquidity":"10000000"} {"price":"144.960" "liquidity":"10000000"}]} "homeConversionFactors":{"gainQuoteHome":{"factor":"0.00686481490749"} "lossQuoteHome":{"factor":"0.00693380802213"} "gainBaseHome":{"factor":"1"} "lossBaseHome":{"factor":"1"}}} "relatedTransactionIDs":["725" "726" "727" "728"] "lastTransactionID":"728"}
2025-06-10 00:00:05.227981,USD_JPY,BREAKOUT-MOMENTUM-LITE,BUY,144.827,144.977,144.697,DOJI,DOWNTREND,False,False,1,201,{"orderCreateTransaction":{"id":"729" "accountID":"101-001-30264285-002" "userID":30264285 "batchID":"729" "requestID":"61381247840702647" "time":"2025-06-10T04:00:05.187746491Z" "type":"MARKET_ORDER" "instrument":"USD_JPY" "units":"50000" "priceBound":"144.832" "timeInForce":"FOK" "positionFill":"DEFAULT" "takeProfitOnFill":{"price":"144.977" "timeInForce":"GTC"} "stopLossOnFill":{"price":"144.697" "timeInForce":"GTC" "triggerMode":"TOP_OF_BOOK"} "reason":"CLIENT_ORDER"} "orderFillTransaction":{"id":"730" "accountID":"101-001-30264285-002" "userID":30264285 "batchID":"729" "requestID":"61381247840702647" "time":"2025-06-10T04:00:05.187746491Z" "type":"ORDER_FILL" "orderID":"729" "instrument":"USD_JPY" "units":"50000" "requestedUnits":"50000" "price":"144.825" "pl":"0.0000" "quotePL":"0" "financing":"0.0000" "baseFinancing":"0" "commission":"0.0000" "accountBalance":"108615.7334" "gainQuoteHomeConversionFactor":"0.006870740335" "lossQuoteHomeConversionFactor":"0.006939793001" "guaranteedExecutionFee":"0.0000" "quoteGuaranteedExecutionFee":"0" "halfSpreadCost":"2.7621" "fullVWAP":"144.825" "reason":"MARKET_ORDER" "tradeOpened":{"price":"144.825" "tradeID":"730" "units":"50000" "guaranteedExecutionFee":"0.0000" "quoteGuaranteedExecutionFee":"0" "halfSpreadCost":"2.7621" "initialMarginRequired":"2500.0000"} "fullPrice":{"closeoutBid":"144.799" "closeoutAsk":"144.836" "timestamp":"2025-06-10T04:00:04.456133152Z" "bids":[{"price":"144.809" "liquidity":"500000"} {"price":"144.808" "liquidity":"500000"} {"price":"144.807" "liquidity":"2000000"} {"price":"144.805" "liquidity":"2000000"} {"price":"144.803" "liquidity":"5000000"} {"price":"144.801" "liquidity":"10000000"} {"price":"144.799" "liquidity":"10000000"}] "asks":[{"price":"144.825" "liquidity":"500000"} {"price":"144.827" "liquidity":"2500000"} {"price":"144.829" "liquidity":"2000000"} {"price":"144.832" "liquidity":"5000000"} {"price":"144.834" "liquidity":"10000000"} {"price":"144.836" "liquidity":"10000000"}]} "homeConversionFactors":{"gainQuoteHome":{"factor":"0.00687074033460"} "lossQuoteHome":{"factor":"0.00693979300128"} "gainBaseHome":{"factor":"1"} "lossBaseHome":{"factor":"1"}}} "relatedTransactionIDs":["729" "730" "731" "732"] "lastTransactionID":"732"}
2025-06-10 00:00:05.623808,USD_JPY,BREAKOUT-MOMENTUM-LITE,SELL,144.827,144.677,144.957,DOJI,DOWNTREND,False,False,2,201,BOUNDS_VIOLATION
2025-06-10 00:35:03.706244,USD_JPY,RANGE-SCALP-MID-LITE,SELL,144.93,144.78,145.03,BULLISH_ENGULFING,NEUTRAL,False,False,1,201,BOUNDS_VIOLATION
2025-06-10 00:35:03.928934,USD_JPY,RANGE-SCALP-MID-LITE,BUY,144.93,145.08,144.83,BULLISH_ENGULFING,NEUTRAL,False,False,1,201,BOUNDS_VIOLATION
2025-06-10 00:50:02.806207,EUR_USD,RANGE-SCALP-MID-LITE,SELL,1.13957,1.13257,1.14017,BEARISH_ENGULFING,NEUTRAL,False,False,1,201,BOUNDS_VIOLATION
2025-06-10 00:50:03.108754,EUR_USD,RANGE-SCALP-MID-LITE,BUY,1.13957,1.14657,1.13897,BEARISH_ENGULFING,NEUTRAL,False,False,1,201,BOUNDS_VIOLATION
2025-06-10 01:10:04.252365,EUR_USD,RANGE-SCALP-MID-LITE,SELL,1.13992,1.13292,1.14052,BULLISH_ENGULFING,NEUTRAL,False,False,1,201,{"orderCreateTransaction":{"id":"743" "accountID":"101-001-30264285-002" "userID":30264285 "batchID":"743" "requestID":"79395663963310712" "time":"2025-06-10T05:10:04.204630217Z" "type":"MARKET_ORDER" "instrument":"EUR_USD" "units":"-50000" "priceBound":"1.13987" "timeInForce":"FOK" "positionFill":"DEFAULT" "takeProfitOnFill":{"price":"1.13292" "timeInForce":"GTC"} "stopLossOnFill":{"price":"1.14052" "timeInForce":"GTC" "triggerMode":"TOP_OF_BOOK"} "reason":"CLIENT_ORDER"} "orderFillTransaction":{"id":"744" "accountID":"101-001-30264285-002" "userID":30264285 "batchID":"743" "requestID":"79395663963310712" "time":"2025-06-10T05:10:04.204630217Z" "type":"ORDER_FILL" "orderID":"743" "instrument":"EUR_USD" "units":"-50000" "requestedUnits":"-50000" "price":"1.13991" "pl":"0.0000" "quotePL":"0" "financing":"0.0000" "baseFinancing":"0" "commission":"0.0000" "accountBalance":"108615.7334" "gainQuoteHomeConversionFactor":"1" "lossQuoteHomeConversionFactor":"1" "guaranteedExecutionFee":"0.0000" "quoteGuaranteedExecutionFee":"0" "halfSpreadCost":"4.0000" "fullVWAP":"1.13991" "reason":"MARKET_ORDER" "tradeOpened":{"price":"1.13991" "tradeID":"744" "units":"-50000" "guaranteedExecutionFee":"0.0000" "quoteGuaranteedExecutionFee":"0" "halfSpreadCost":"4.0000" "initialMarginRequired":"1139.9900"} "fullPrice":{"closeoutBid":"1.13982" "closeoutAsk":"1.14017" "timestamp":"2025-06-10T05:10:01.077147645Z" "bids":[{"price":"1.13991" "liquidity":"500000"} {"price":"1.13990" "liquidity":"500000"} {"price":"1.13989" "liquidity":"2000000"} {"price":"1.13988" "liquidity":"2000000"} {"price":"1.13987" "liquidity":"5000000"} {"price":"1.13985" "liquidity":"10000000"} {"price":"1.13982" "liquidity":"10000000"}] "asks":[{"price":"1.14007" "liquidity":"500000"} {"price":"1.14009" "liquidity":"2500000"} {"price":"1.14010" "liquidity":"2000000"} {"price":"1.14011" "liquidity":"5000000"} {"price":"1.14014" "liquidity":"10000000"} {"price":"1.14017" "liquidity":"10000000"}]} "homeConversionFactors":{"gainQuoteHome":{"factor":"1"} "lossQuoteHome":{"factor":"1"} "gainBaseHome":{"factor":"1.13429005"} "lossBaseHome":{"factor":"1.14568995"}}} "relatedTransactionIDs":["743" "744" "745" "746"] "lastTransactionID":"746"}
2025-06-10 01:10:04.605434,EUR_USD,RANGE-SCALP-MID-LITE,BUY,1.13992,1.14692,1.13932,BULLISH_ENGULFING,NEUTRAL,False,False,1,201,BOUNDS_VIOLATION
2025-06-10 19:15:00.926815,EUR_USD,VOLUME-EXPLOSION-LITE,BUY,1.14318,DOJI,UPTREND,False,False,1,IGNORED,점수부족
2025-06-10 19:15:01.187502,USD_JPY,NEWS-SPIKE-TRAP-LITE,SELL,144.942,BULLISH_ENGULFING,NEUTRAL,False,False,1,IGNORED,점수부족
2025-06-10 19:15:01.397113,USD_JPY,CANDLE-ENGULF-TRAP-LITE,SELL,144.942,BULLISH_ENGULFING,NEUTRAL,False,False,1,IGNORED,점수부족
2025-06-10 19:15:01.807272,USD_JPY,NEWS-SPIKE-TRAP-LITE,BUY,144.942,BULLISH_ENGULFING,NEUTRAL,False,False,1,IGNORED,점수부족
2025-06-10 19:15:02.471771,EUR_USD,VOLUME-EXPLOSION-LITE,SELL,1.14318,DOJI,UPTREND,False,False,0,IGNORED,점수부족
2025-06-10 19:15:02.759516,USD_JPY,CANDLE-ENGULF-TRAP-LITE,BUY,144.942,BULLISH_ENGULFING,NEUTRAL,False,False,1,IGNORED,점수부족
2025-06-10 19:15:06.243583,USD_JPY,NEWS-SPIKE-TRAP-LITE,BUY,144.9,BULLISH_ENGULFING,NEUTRAL,False,False,1,IGNORED,점수부족
2025-06-10 19:20:01.761608,EUR_USD,NEWS-SPIKE-TRAP-LITE,SELL,1.14255,DOJI,UPTREND,False,False,0,IGNORED,점수부족
2025-06-10 19:20:02.040595,EUR_USD,NEWS-SPIKE-TRAP-LITE,BUY,1.14255,1.14335,1.14205,DOJI,UPTREND,False,False,1,201,BOUNDS_VIOLATION
2025-06-10 19:25:03.961176,USD_JPY,NEWS-SPIKE-TRAP-LITE,SELL,144.983,BULLISH_ENGULFING,NEUTRAL,False,False,1,IGNORED,점수부족
2025-06-10 19:25:04.161139,USD_JPY,NEWS-SPIKE-TRAP-LITE,BUY,144.983,BULLISH_ENGULFING,NEUTRAL,False,False,1,IGNORED,점수부족
2025-06-10 19:30:09.054456,USD_JPY,BREAKOUT-MOMENTUM-LITE,SELL,144.971,144.821,145.101,DOJI,NEUTRAL,True,True,1,201,BOUNDS_VIOLATION
2025-06-10 19:30:09.998293,USD_JPY,BREAKOUT-MOMENTUM-LITE,BUY,144.971,145.121,144.841,DOJI,NEUTRAL,True,True,1,201,{"orderCreateTransaction":{"id":"757" "accountID":"101-001-30264285-002" "userID":30264285 "batchID":"757" "requestID":"115424737824525301" "time":"2025-06-10T23:30:09.942639157Z" "type":"MARKET_ORDER" "instrument":"USD_JPY" "units":"50000" "priceBound":"144.976" "timeInForce":"FOK" "positionFill":"DEFAULT" "takeProfitOnFill":{"price":"145.121" "timeInForce":"GTC"} "stopLossOnFill":{"price":"144.841" "timeInForce":"GTC" "triggerMode":"TOP_OF_BOOK"} "reason":"CLIENT_ORDER"} "orderFillTransaction":{"id":"758" "accountID":"101-001-30264285-002" "userID":30264285 "batchID":"757" "requestID":"115424737824525301" "time":"2025-06-10T23:30:09.942639157Z" "type":"ORDER_FILL" "orderID":"757" "instrument":"USD_JPY" "units":"50000" "requestedUnits":"50000" "price":"144.968" "pl":"0.0000" "quotePL":"0" "financing":"0.0000" "baseFinancing":"0" "commission":"0.0000" "accountBalance":"108540.7848" "gainQuoteHomeConversionFactor":"0.006864057208" "lossQuoteHomeConversionFactor":"0.006933042707" "guaranteedExecutionFee":"0.0000" "quoteGuaranteedExecutionFee":"0" "halfSpreadCost":"3.4493" "fullVWAP":"144.968" "reason":"MARKET_ORDER" "tradeOpened":{"price":"144.968" "tradeID":"758" "units":"50000" "guaranteedExecutionFee":"0.0000" "quoteGuaranteedExecutionFee":"0" "halfSpreadCost":"3.4493" "initialMarginRequired":"2500.0000"} "fullPrice":{"closeoutBid":"144.938" "closeoutAsk":"144.979" "timestamp":"2025-06-10T23:30:08.166248139Z" "bids":[{"price":"144.948" "liquidity":"500000"} {"price":"144.947" "liquidity":"500000"} {"price":"144.946" "liquidity":"2000000"} {"price":"144.944" "liquidity":"2000000"} {"price":"144.942" "liquidity":"5000000"} {"price":"144.940" "liquidity":"10000000"} {"price":"144.938" "liquidity":"10000000"}] "asks":[{"price":"144.968" "liquidity":"500000"} {"price":"144.970" "liquidity":"2500000"} {"price":"144.972" "liquidity":"2000000"} {"price":"144.975" "liquidity":"5000000"} {"price":"144.977" "liquidity":"10000000"} {"price":"144.979" "liquidity":"10000000"}]} "homeConversionFactors":{"gainQuoteHome":{"factor":"0.00686405720785"} "lossQuoteHome":{"factor":"0.00693304270743"} "gainBaseHome":{"factor":"1"} "lossBaseHome":{"factor":"1"}}} "relatedTransactionIDs":["757" "758" "759" "760"] "lastTransactionID":"760"}
2025-06-10 19:30:12.070224,EUR_USD,ST-RSI-SNAP-LITE,SELL,1.14306,HAMMER,NEUTRAL,False,True,1,IGNORED,점수부족
2025-06-10 19:30:12.698025,EUR_USD,VOLUME-EXPLOSION-LITE,SELL,1.14306,HAMMER,NEUTRAL,False,True,0,IGNORED,점수부족
2025-06-10 19:30:12.821359,EUR_USD,ST-RSI-SNAP-LITE,BUY,1.14306,HAMMER,NEUTRAL,False,True,1,IGNORED,점수부족
2025-06-10 19:30:13.215345,EUR_USD,VOLUME-EXPLOSION-LITE,BUY,1.14306,HAMMER,NEUTRAL,False,True,0,IGNORED,점수부족
2025-06-10 19:55:02.352857,USD_JPY,RANGE-SCALP-MID-LITE,SELL,144.833,144.683,144.933,DOJI,NEUTRAL,True,True,0,201,BOUNDS_VIOLATION
2025-06-10 19:55:02.679159,USD_JPY,RANGE-SCALP-MID-LITE,BUY,144.833,144.983,144.733,DOJI,NEUTRAL,True,True,0,201,BOUNDS_VIOLATION
2025-06-10 20:00:00.810725,USD_JPY,CANDLE-ENGULF-TRAP-LITE,SELL,144.845,NEUTRAL,NEUTRAL,False,False,0,IGNORED,점수부족
2025-06-10 20:00:00.979417,USD_JPY,CANDLE-ENGULF-TRAP-LITE,BUY,144.845,NEUTRAL,NEUTRAL,False,False,0,IGNORED,점수부족
2025-06-10 20:15:01.312653,EUR_USD,RANGE-SCALP-MID-LITE,BUY,1.14297,1.14997,1.14237,BULLISH_ENGULFING,NEUTRAL,False,False,1,201,BOUNDS_VIOLATION
2025-06-10 20:15:01.929085,EUR_USD,RANGE-SCALP-MID-LITE,SELL,1.14297,1.13597,1.14357,BULLISH_ENGULFING,NEUTRAL,False,False,1,201,{"orderCreateTransaction":{"id":"769" "accountID":"101-001-30264285-002" "userID":30264285 "batchID":"769" "requestID":"115424749117607268" "time":"2025-06-11T00:15:01.880454760Z" "type":"MARKET_ORDER" "instrument":"EUR_USD" "units":"-50000" "priceBound":"1.14292" "timeInForce":"FOK" "positionFill":"DEFAULT" "takeProfitOnFill":{"price":"1.13597" "timeInForce":"GTC"} "stopLossOnFill":{"price":"1.14357" "timeInForce":"GTC" "triggerMode":"TOP_OF_BOOK"} "reason":"CLIENT_ORDER"} "orderFillTransaction":{"id":"770" "accountID":"101-001-30264285-002" "userID":30264285 "batchID":"769" "requestID":"115424749117607268" "time":"2025-06-11T00:15:01.880454760Z" "type":"ORDER_FILL" "orderID":"769" "instrument":"EUR_USD" "units":"-50000" "requestedUnits":"-50000" "price":"1.14297" "pl":"0.0000" "quotePL":"0" "financing":"0.0000" "baseFinancing":"0" "commission":"0.0000" "accountBalance":"108496.7272" "gainQuoteHomeConversionFactor":"1" "lossQuoteHomeConversionFactor":"1" "guaranteedExecutionFee":"0.0000" "quoteGuaranteedExecutionFee":"0" "halfSpreadCost":"4.0000" "fullVWAP":"1.14297" "reason":"MARKET_ORDER" "tradeOpened":{"price":"1.14297" "tradeID":"770" "units":"-50000" "guaranteedExecutionFee":"0.0000" "quoteGuaranteedExecutionFee":"0" "halfSpreadCost":"4.0000" "initialMarginRequired":"1143.0500"} "fullPrice":{"closeoutBid":"1.14288" "closeoutAsk":"1.14323" "timestamp":"2025-06-11T00:15:01.261022689Z" "bids":[{"price":"1.14297" "liquidity":"500000"} {"price":"1.14296" "liquidity":"500000"} {"price":"1.14295" "liquidity":"2000000"} {"price":"1.14294" "liquidity":"2000000"} {"price":"1.14293" "liquidity":"5000000"} {"price":"1.14291" "liquidity":"10000000"} {"price":"1.14288" "liquidity":"10000000"}] "asks":[{"price":"1.14313" "liquidity":"500000"} {"price":"1.14315" "liquidity":"2500000"} {"price":"1.14316" "liquidity":"2000000"} {"price":"1.14317" "liquidity":"5000000"} {"price":"1.14320" "liquidity":"10000000"} {"price":"1.14323" "liquidity":"10000000"}]} "homeConversionFactors":{"gainQuoteHome":{"factor":"1"} "lossQuoteHome":{"factor":"1"} "gainBaseHome":{"factor":"1.13733475"} "lossBaseHome":{"factor":"1.14876525"}}} "relatedTransactionIDs":["769" "770" "771" "772"] "lastTransactionID":"772"}
2025-06-10 20:44:46.722854,USD_JPY,NEWS-SPIKE-TRAP-LITE,BUY,144.9,DOJI,DOWNTREND,True,False,1,IGNORED,점수부족
